BEGIN TRAN
	INSERT INTO Measures (Name)
		VALUES 
		(N'mililiters'),
		(N'grams'),
		(N'litres'),
		(N'kilograms'),
		(N'pieces')

	SET IDENTITY_INSERT Vendors ON
	INSERT INTO Vendors (Id, Name)
		VALUES 
		(1, N'Nestle Sofia Corp.'),
		(2, N'Zagorka Corp.'),
		(3, N'Targovishte Company Ltd.'),
		(4, N'Kamenica'),
		(5, N'Rois'),
		(6, N'Ruffles'),
		(7, N'Bulgartabak'),
		(8, N'Dobrudja'),
		(9, N'Karnobat'),
		(10, N'King Kiro'),
		(11, N'Coca Cola'),
		(12, N'RedBull'),
		(13, N'Madjarov'),
		(14, N'Kolbasarnica Pernik'),
		(15, N'Kestenite'),
		(16, N'Microsoft'),
		(17, N'IKEA'),
		(18, N'Orbit'),
		(19, N'Milka'),
		(20, N'Pobeda')

	INSERT INTO Products (Name, VendorId, MeasureId, Price)
		VALUES 
		(N'Chocolade bar', 1, 2, 12.40),
		(N'Glass Bottle', 2, 1, 1.40),
		(N'Rakia', 3, 1, 13.00),
		(N'Glass Bottle', 4, 1, 1.00),
		(N'Bred', 8, 3, 1.10),
		(N'Fanta', 11, 3, 1.40),
		(N'Nuts', 5, 2, 0.70),
		(N'Жам Фъстък', 5, 2, 4.49),
		(N'WithOreo', 19, 2, 2.40),
		(N'Miraj', 20, 2, 2.40),
		(N'Windows 10', 16, 4, 105.99),
		(N'Печка MArjino', 17, 4, 223.99),
		(N'Суджук', 14, 2, 12.99),
		(N'Брашно', 8, 3, 2.10),
		(N'Маьонеза', 11, 3, 1.20),
		(N'Nuts', 5, 2, 1.70),
		(N'Ruffles ketchup', 5, 2, 4.49),
		(N'Зайо Байо', 19, 2, 2.40),
		(N'Победа', 20, 2, 2.40),
		(N'Video Card Ati Radeon HD 1200', 16, 4, 105.99)

	INSERT INTO Supermarkets (Location)
		VALUES 
		(N'Blagoevgrad Бърза река 65' ),
		(N'Razlog Опака река 65'),
		(N'Пловдив Барата'),
		(N'Кюстендил Крива река 55'),
		(N'Кюстендил Кирливата река 56'),
		(N'София Сухата река 123'),
		(N'Варна Мократа река 98'),
		(N'Етрополе Студената река 21'),
		(N'Земен Топлата река 124'),
		(N'Златарица Водната река 102'),
		(N'Ихтиман Тъпата река 3'),
		(N'Каварна Грозната река 3'),
		(N'Калофер Смръдливата река 75'),
		(N'Русе Няма река 7'),
		(N'Неделино Силна река 4'),
		(N'Перник Слаба река 45'),
		(N'Плевен Петниста река 65'),
		(N'Свищов Права река 65'),
		(N'Славяново Пуста река 546'),
		(N'Сливен Малка река 123')

	INSERT INTO SupermarketProducts (ProductId, SupermarketId, UnitPrice)
		VALUES 
		(6, 20, 616.99), (15, 8, 431.99), (5, 14, 649.99), (20, 3, 615.99), (2, 9, 535.99), (13, 14, 234.99),
		(5, 3, 316.99), (8, 16, 726.99), (4, 13, 62.99), (4, 13, 751.99), (15, 5, 480.99),
		(17, 3, 169.99), (15, 2, 373.99), (1, 10, 494.99), (12, 7, 206.99), (17, 5, 514.99),
		(18, 16, 375.99), (16, 3, 644.99), (13, 18, 162.99), (18, 12, 763.99), (8, 1, 31.99),
		(18, 5, 907.99), (3, 6, 272.99), (8, 19, 621.99), (18, 4, 629.99), (17, 17, 448.99),
		(11, 8, 388.99), (11, 7, 852.99), (8, 19, 94.99), (17, 4, 240.99), (1, 17, 487.99),
		(13, 14, 436.99), (10, 14, 120.99), (6, 14, 958.99), (5, 11, 841.99), (16, 19, 943.99),
		(1, 17, 70.99), (15, 8, 224.99), (8, 17, 728.99), (4, 11, 282.99), (17, 7, 104.99),
		(1, 8, 103.99), (3, 6, 536.99), (4, 8, 150.99), (7, 5, 692.99), (9, 7, 809.99),
		(1, 13, 14.99), (4, 17, 347.99), (4, 6, 450.99), (6, 5, 831.99), (15, 6, 146.99),
		(17, 10, 365.99), (18, 5, 142.99), (15, 13, 680.99), (9, 17, 460.99), (19, 8, 149.99),
		(11, 19, 514.99), (19, 4, 900.99), (6, 14, 480.99), (16, 18, 66.99), (14, 18, 15.99),
		(15, 10, 74.99), (1, 10, 736.99), (7, 12, 96.99), (14, 6, 0.99), (7, 15, 997.99),
		(18, 6, 908.99), (7, 15, 290.99), (7, 16, 117.99), (5, 12, 823.99), (18, 2, 348.99),
		(2, 2, 750.99), (14, 15, 338.99), (8, 19, 894.99), (9, 5, 367.99), (9, 6, 892.99),
		(18, 19, 918.99), (10, 18, 610.99), (4, 8, 138.99), (15, 8, 694.99), (20, 16, 920.99),
		(19, 9, 481.99), (15, 12, 188.99), (6, 14, 42.99), (14, 11, 335.99), (1, 18, 525.99),
		(19, 18, 536.99), (5, 7, 636.99), (19, 9, 226.99), (15, 19, 734.99), (13, 19, 312.99),
		(13, 9, 156.99), (20, 11, 763.99), (18, 14, 662.99), (15, 13, 264.99), (18, 17, 367.99),
		(6, 3, 462.99), (13, 17, 491.99), (4, 15, 411.99), (6, 1, 38.99), (6, 1, 671.99),
		(10, 13, 730.99), (15, 1, 73.99), (4, 1, 388.99), (16, 1, 227.99), (18, 11, 697.99),
		(8, 1, 578.99), (18, 10, 773.99), (6, 20, 135.99), (17, 10, 696.99), (15, 14, 492.99),
		(15, 13, 659.99), (20, 5, 9.99), (11, 3, 810.99), (6, 2, 105.99), (2, 18, 767.99),
		(6, 6, 211.99), (15, 19, 979.99), (10, 8, 549.99), (18, 4, 640.99), (12, 19, 528.99),
		(8, 9, 348.99), (18, 1, 405.99), (12, 18, 271.99), (14, 17, 883.99), (16, 12, 365.99),
		(14, 4, 147.99), (8, 12, 201.99), (10, 1, 779.99), (11, 6, 233.99), (3, 2, 68.99),
		(8, 19, 236.99), (6, 19, 662.99), (16, 4, 813.99), (8, 14, 402.99), (19, 1, 73.99),
		(2, 14, 833.99), (4, 5, 983.99), (10, 5, 350.99), (7, 18, 403.99), (12, 8, 772.99),
		(4, 10, 789.99), (5, 7, 897.99), (13, 10, 645.99), (15, 19, 19.99), (7, 1, 863.99),
		(16, 11, 5.99), (15, 9, 571.99), (8, 19, 862.99), (2, 18, 714.99), (18, 20, 26.99),
		(6, 4, 795.99), (1, 4, 236.99), (13, 15, 707.99), (4, 9, 206.99), (4, 10, 320.99),
		(20, 4, 218.99), (10, 11, 345.99), (8, 18, 965.99), (5, 16, 531.99), (19, 3, 440.99),
		(4, 16, 531.99), (13, 9, 721.99), (5, 6, 816.99), (13, 4, 808.99), (6, 11, 968.99),
		(8, 5, 446.99), (11, 3, 718.99), (10, 8, 426.99), (14, 18, 325.99), (17, 17, 417.99),
		(15, 14, 618.99), (6, 20, 687.99), (14, 12, 35.99), (12, 15, 865.99), (9, 18, 341.99),
		(11, 3, 333.99), (20, 17, 561.99), (2, 8, 998.99), (15, 14, 363.99), (3, 19, 583.99),
		(8, 8, 452.99), (8, 19, 502.99), (4, 1, 536.99), (6, 14, 641.99), (9, 19, 381.99),
		(18, 2, 537.99), (2, 3, 761.99), (20, 17, 4.99), (18, 13, 298.99), (13, 11, 306.99),
		(7, 12, 631.99), (10, 5, 344.99), (9, 1, 938.99), (17, 7, 69.99), (16, 15, 145.99),
		(19, 14, 443.99), (13, 18, 593.99), (17, 1, 794.99), (17, 9, 561.99), (9, 11, 302.99),
		(5, 12, 485.99), (5, 20, 120.99), (1, 20, 738.99), (1, 9, 90.99), (12, 5, 795.99),
		(14, 4, 118.99), (18, 19, 946.99), (18, 1, 676.99), (15, 10, 549.99), (17, 13, 800.99),
		(16, 20, 461.99), (13, 13, 777.99), (12, 12, 756.99), (1, 19, 713.99), (15, 12, 429.99),
		(11, 5, 774.99), (20, 3, 208.99), (9, 12, 604.99), (8, 7, 567.99), (17, 11, 460.99),
		(12, 4, 329.99), (19, 6, 473.99), (13, 20, 609.99), (1, 3, 626.99), (8, 17, 26.99),
		(5, 4, 423.99), (5, 5, 270.99), (16, 17, 499.99), (12, 7, 376.99), (18, 6, 286.99),
		(5, 16, 51.99), (6, 10, 738.99), (8, 16, 325.99), (20, 18, 264.99), (4, 20, 23.99),
		(12, 2, 754.99), (12, 3, 198.99), (3, 12, 305.99), (4, 16, 334.99), (17, 7, 915.99),
		(2, 16, 683.99), (7, 17, 331.99), (12, 2, 381.99), (6, 17, 384.99), (2, 6, 336.99),
		(1, 13, 857.99), (10, 1, 256.99), (13, 6, 154.99), (2, 2, 214.99), (15, 3, 656.99),
		(9, 12, 420.99), (9, 18, 102.99), (12, 17, 172.99), (14, 1, 17.99), (8, 6, 275.99),
		(17, 1, 269.99), (20, 4, 186.99), (10, 8, 334.99), (14, 10, 493.99), (11, 5, 741.99),
		(3, 17, 957.99), (15, 18, 295.99), (20, 14, 433.99), (5, 9, 767.99), (14, 16, 4.99),
		(5, 6, 987.99), (18, 6, 21.99), (19, 16, 923.99), (10, 19, 198.99), (2, 16, 383.99),
		(13, 2, 607.99), (9, 12, 178.99), (2, 13, 406.99), (20, 18, 356.99), (17, 15, 758.99),
		(9, 16, 570.99), (7, 9, 224.99), (11, 14, 959.99), (15, 4, 50.99), (1, 6, 957.99),
		(2, 18, 938.99), (2, 13, 373.99), (4, 6, 208.99), (17, 4, 603.99), (12, 18, 424.99),
		(14, 3, 43.99), (4, 2, 134.99), (13, 16, 331.99), (4, 3, 401.99), (13, 15, 403.99),
		(3, 1, 391.99), (9, 18, 973.99), (9, 16, 107.99), (8, 6, 537.99), (8, 11, 238.99),
		(13, 19, 751.99), (11, 2, 63.99), (1, 18, 203.99), (17, 10, 120.99), (13, 18, 524.99),
		(20, 11, 544.99), (17, 14, 155.99), (5, 3, 15.99), (10, 5, 322.99), (19, 16, 792.99),
		(12, 6, 253.99), (2, 11, 176.99), (14, 3, 653.99), (7, 3, 156.99), (4, 13, 413.99),
		(18, 17, 893.99), (12, 9, 747.99), (20, 12, 804.99), (2, 9, 793.99), (15, 2, 810.99),
		(15, 2, 87.99), (9, 5, 204.99), (18, 11, 355.99), (7, 7, 398.99), (18, 10, 578.99),
		(20, 1, 505.99), (13, 12, 434.99), (9, 8, 369.99), (1, 13, 707.99), (9, 1, 126.99),
		(8, 19, 28.99), (17, 12, 49.99), (2, 16, 401.99), (5, 20, 297.99), (11, 5, 89.99),
		(7, 3, 92.99), (5, 2, 387.99), (6, 3, 485.99), (8, 7, 717.99), (15, 8, 620.99),
		(10, 9, 503.99), (5, 20, 408.99), (8, 1, 865.99), (11, 19, 245.99), (3, 8, 614.99),
		(3, 18, 117.99), (6, 14, 503.99), (13, 5, 926.99), (15, 2, 779.99), (11, 10, 287.99),
		(7, 8, 412.99), (16, 15, 565.99), (16, 7, 271.99), (14, 20, 53.99), (5, 14, 152.99),
		(3, 4, 741.99), (18, 5, 421.99), (13, 9, 667.99), (3, 18, 196.99), (12, 10, 867.99),
		(13, 17, 580.99), (12, 4, 580.99), (17, 7, 681.99), (1, 7, 580.99), (17, 12, 719.99),
		(9, 8, 524.99), (16, 12, 912.99), (1, 14, 228.99), (18, 15, 912.99), (15, 14, 830.99),
		(8, 5, 820.99), (9, 2, 151.99), (10, 13, 501.99), (12, 7, 861.99), (2, 17, 896.99),
		(17, 16, 839.99), (19, 14, 492.99), (14, 17, 892.99), (20, 12, 153.99), (8, 15, 464.99),
		(14, 2, 658.99), (18, 14, 124.99), (16, 9, 544.99), (12, 20, 739.99), (1, 5, 288.99),
		(2, 20, 851.99), (7, 1, 977.99), (2, 16, 996.99), (7, 14, 415.99), (19, 9, 464.99),
		(20, 3, 937.99), (1, 19, 219.99), (5, 5, 140.99), (16, 2, 312.99), (6, 8, 690.99),
		(16, 13, 600.99), (13, 19, 610.99), (7, 1, 686.99), (10, 12, 292.99), (14, 11, 983.99),
		(15, 17, 992.99), (2, 12, 855.99), (17, 20, 297.99), (2, 17, 770.99), (15, 12, 943.99),
		(14, 16, 416.99), (7, 12, 48.99), (17, 7, 545.99), (18, 14, 101.99), (6, 12, 309.99),
		(19, 11, 694.99), (4, 2, 249.99), (7, 5, 809.99), (17, 20, 662.99), (7, 11, 54.99),
		(17, 12, 459.99), (15, 17, 817.99), (18, 8, 929.99), (19, 18, 509.99), (9, 5, 874.99),
		(16, 12, 434.99), (20, 3, 308.99), (2, 12, 496.99), (14, 7, 563.99), (13, 10, 633.99),
		(8, 11, 788.99), (10, 1, 104.99), (13, 11, 729.99), (10, 2, 184.99), (16, 5, 169.99),
		(15, 18, 987.99), (19, 2, 398.99), (5, 7, 393.99), (15, 16, 37.99), (20, 1, 476.99),
		(6, 6, 884.99), (6, 11, 380.99), (15, 20, 213.99), (16, 3, 45.99), (15, 10, 90.99),
		(3, 7, 331.99), (7, 20, 471.99), (12, 14, 390.99), (5, 4, 199.99), (8, 15, 249.99),
		(2, 14, 457.99), (6, 5, 781.99), (7, 10, 673.99), (16, 1, 918.99), (16, 4, 969.99),
		(8, 11, 816.99), (7, 13, 452.99), (15, 13, 95.99), (1, 14, 598.99), (10, 2, 391.99),
		(4, 7, 209.99), (20, 15, 431.99), (12, 10, 260.99), (7, 17, 843.99), (14, 11, 935.99),
		(12, 17, 505.99), (9, 18, 635.99), (8, 2, 123.99), (16, 8, 43.99), (8, 5, 558.99),
		(4, 17, 406.99), (6, 13, 693.99), (15, 17, 463.99), (11, 16, 70.99), (12, 20, 799.99),
		(13, 1, 98.99), (4, 10, 877.99), (2, 2, 180.99), (16, 16, 232.99), (2, 4, 340.99),
		(8, 5, 204.99), (15, 3, 15.99), (9, 8, 928.99), (5, 17, 990.99), (1, 18, 115.99),
		(12, 17, 99.99), (7, 4, 314.99), (19, 5, 796.99), (14, 2, 734.99), (5, 11, 810.99),
		(10, 13, 644.99), (3, 4, 539.99), (18, 18, 867.99), (16, 4, 670.99), (4, 19, 606.99),
		(18, 1, 189.99), (2, 4, 969.99), (3, 16, 978.99), (1, 9, 23.99), (9, 1, 35.99),
		(6, 5, 851.99), (3, 16, 223.99), (7, 19, 732.99), (12, 14, 974.99), (5, 11, 14.99),
		(13, 16, 283.99), (4, 16, 40.99), (11, 4, 333.99), (17, 7, 857.99), (14, 2, 706.99),
		(11, 10, 831.99), (17, 11, 962.99), (17, 2, 137.99), (8, 11, 129.99), (10, 10, 492.99),
		(20, 19, 224.99), (20, 8, 668.99), (15, 5, 227.99), (20, 15, 48.99), (11, 6, 452.99),
		(8, 14, 823.99), (1, 2, 240.99), (3, 8, 35.99), (2, 17, 721.99), (3, 17, 254.99),
		(19, 2, 674.99), (17, 17, 427.99), (13, 15, 715.99), (1, 16, 239.99), (13, 17, 769.99),
		(19, 7, 775.99), (14, 1, 859.99), (7, 9, 427.99), (6, 18, 501.99), (4, 19, 556.99),
		(19, 12, 411.99), (20, 2, 646.99), (8, 14, 430.99), (1, 15, 978.99), (3, 20, 285.99),
		(1, 11, 561.99), (6, 3, 524.99), (19, 10, 790.99), (8, 13, 657.99), (5, 12, 994.99),
		(19, 9, 790.99), (4, 2, 181.99), (17, 13, 753.99), (3, 11, 624.99), (7, 14, 284.99),
		(18, 4, 442.99), (3, 6, 312.99), (19, 19, 774.99), (1, 1, 132.99), (13, 12, 479.99),
		(20, 3, 86.99), (9, 2, 287.99), (4, 19, 897.99), (3, 4, 907.99), (17, 3, 596.99),
		(19, 13, 801.99), (11, 11, 405.99), (5, 3, 339.99), (14, 20, 521.99), (1, 3, 90.99),
		(1, 5, 53.99), (6, 3, 414.99), (11, 19, 560.99), (20, 14, 249.99), (11, 1, 78.99),
		(9, 3, 779.99), (4, 3, 398.99), (7, 3, 64.99), (2, 16, 21.99), (15, 16, 112.99),
		(16, 4, 821.99), (17, 2, 964.99), (18, 11, 9.99), (4, 8, 693.99), (5, 11, 822.99),
		(4, 14, 67.99), (6, 6, 855.99), (15, 17, 995.99), (14, 15, 94.99), (20, 4, 360.99),
		(8, 16, 153.99), (9, 5, 519.99), (9, 15, 983.99), (3, 11, 596.99), (16, 20, 769.99),
		(15, 2, 603.99), (5, 19, 103.99), (20, 10, 477.99), (6, 1, 333.99), (17, 3, 336.99),
		(18, 18, 334.99), (13, 16, 572.99), (11, 16, 280.99), (7, 15, 930.99), (2, 3, 727.99),
		(6, 20, 843.99), (5, 20, 627.99), (10, 15, 282.99), (6, 9, 303.99), (14, 4, 205.99),
		(4, 13, 624.99), (13, 5, 684.99), (6, 3, 205.99), (4, 4, 297.99), (7, 19, 189.99),
		(4, 18, 339.99), (15, 20, 53.99), (10, 12, 128.99), (15, 8, 118.99), (2, 8, 350.99),
		(6, 18, 602.99), (2, 3, 126.99), (7, 9, 902.99), (1, 20, 849.99), (13, 1, 822.99),
		(7, 4, 807.99), (2, 2, 568.99), (20, 19, 191.99), (4, 14, 3.99), (10, 19, 866.99),
		(12, 5, 730.99), (18, 19, 299.99), (14, 5, 822.99), (2, 18, 433.99), (9, 15, 2.99),
		(5, 18, 568.99), (7, 8, 210.99), (7, 20, 307.99), (16, 7, 939.99), (9, 19, 421.99),
		(3, 17, 499.99), (1, 10, 785.99), (3, 16, 101.99), (11, 13, 919.99), (20, 1, 217.99),
		(3, 11, 219.99), (4, 19, 843.99), (9, 4, 558.99), (14, 6, 251.99), (9, 2, 624.99),
		(8, 6, 327.99), (9, 19, 55.99), (19, 9, 228.99), (5, 2, 67.99), (10, 16, 744.99),
		(6, 7, 928.99), (2, 13, 776.99), (15, 5, 972.99), (12, 14, 621.99), (19, 8, 223.99),
		(11, 14, 710.99), (10, 4, 349.99), (12, 12, 90.99), (4, 5, 127.99), (20, 20, 864.99),
		(16, 20, 405.99), (17, 8, 929.99), (7, 7, 427.99), (17, 13, 62.99), (8, 17, 251.99),
		(9, 20, 20.99), (1, 14, 387.99), (8, 20, 621.99), (8, 14, 739.99), (17, 19, 444.99),
		(13, 15, 250.99), (3, 17, 720.99), (5, 3, 15.99), (6, 5, 363.99), (6, 13, 522.99),
		(6, 5, 763.99), (17, 15, 208.99), (3, 20, 288.99), (10, 9, 979.99), (16, 9, 665.99),
		(4, 10, 406.99), (20, 4, 910.99), (17, 5, 20.99), (11, 5, 866.99), (1, 15, 469.99),
		(1, 2, 358.99), (2, 3, 461.99), (20, 20, 198.99), (5, 11, 743.99), (20, 13, 383.99),
		(15, 9, 708.99), (7, 3, 728.99), (20, 6, 431.99), (13, 10, 990.99), (15, 7, 509.99),
		(7, 3, 274.99), (17, 10, 343.99), (13, 14, 310.99), (5, 5, 485.99), (5, 15, 655.99),
		(4, 18, 615.99), (13, 16, 787.99), (4, 14, 608.99), (15, 2, 776.99), (19, 10, 634.99),
		(10, 5, 689.99), (14, 18, 440.99), (10, 3, 178.99), (1, 3, 744.99), (8, 3, 888.99),
		(5, 15, 551.99), (16, 9, 623.99), (8, 3, 519.99), (15, 4, 446.99), (14, 2, 383.99),
		(12, 14, 199.99), (14, 15, 980.99), (16, 11, 853.99), (5, 14, 708.99), (9, 12, 668.99),
		(1, 16, 509.99), (15, 10, 319.99), (5, 4, 40.99), (1, 2, 128.99), (4, 20, 711.99),
		(20, 17, 65.99), (16, 10, 428.99), (11, 15, 413.99), (19, 9, 230.99), (14, 12, 747.99),
		(19, 19, 507.99), (18, 14, 423.99), (19, 19, 578.99), (2, 7, 540.99), (4, 14, 635.99),
		(18, 13, 551.99), (3, 5, 895.99), (13, 13, 125.99), (5, 10, 37.99), (2, 17, 53.99),
		(2, 11, 591.99), (6, 2, 158.99), (13, 7, 288.99), (6, 2, 854.99), (10, 15, 129.99),
		(18, 8, 57.99), (16, 2, 818.99), (14, 12, 340.99), (18, 6, 295.99), (8, 13, 181.99),
		(8, 17, 136.99), (11, 20, 816.99), (19, 18, 568.99), (10, 5, 307.99), (6, 18, 161.99),
		(1, 4, 911.99), (20, 8, 111.99), (20, 7, 755.99), (5, 9, 970.99), (6, 9, 823.99),
		(18, 5, 708.99), (3, 19, 217.99), (15, 20, 754.99), (7, 19, 521.99), (10, 7, 823.99),
		(11, 9, 701.99), (4, 17, 116.99), (8, 8, 257.99), (2, 9, 522.99), (8, 6, 566.99),
		(17, 14, 423.99), (15, 13, 992.99), (12, 4, 951.99), (19, 7, 192.99), (4, 14, 414.99),
		(12, 10, 17.99), (19, 15, 993.99), (6, 2, 630.99), (15, 10, 852.99), (10, 1, 496.99),
		(14, 7, 673.99), (4, 10, 239.99), (2, 15, 687.99), (17, 19, 261.99), (15, 5, 489.99),
		(19, 5, 703.99), (17, 10, 915.99), (11, 9, 565.99), (12, 12, 625.99), (16, 1, 135.99),
		(3, 3, 117.99), (10, 5, 983.99), (11, 20, 214.99), (4, 10, 747.99), (7, 3, 812.99),
		(15, 11, 838.99), (3, 16, 251.99), (3, 13, 557.99), (12, 4, 890.99), (3, 13, 891.99),
		(13, 7, 704.99), (12, 14, 764.99), (3, 6, 983.99), (11, 9, 256.99), (10, 14, 987.99),
		(4, 4, 348.99), (16, 17, 56.99), (16, 14, 256.99), (18, 20, 537.99), (12, 18, 61.99),
		(2, 9, 357.99), (7, 12, 189.99), (1, 16, 409.99), (1, 12, 225.99), (18, 13, 378.99),
		(20, 14, 942.99), (12, 9, 12.99), (11, 8, 771.99), (17, 17, 651.99), (9, 14, 699.99),
		(5, 12, 420.99), (19, 9, 992.99), (18, 4, 105.99), (16, 3, 398.99), (19, 15, 253.99),
		(17, 19, 16.99), (18, 18, 331.99), (12, 20, 460.99), (1, 12, 57.99), (12, 10, 735.99),
		(11, 12, 108.99), (15, 17, 5.99), (17, 19, 222.99), (8, 2, 493.99), (17, 16, 288.99),
		(13, 13, 648.99), (11, 1, 894.99), (13, 12, 780.99), (8, 13, 593.99), (20, 18, 861.99),
		(19, 7, 679.99), (8, 6, 530.99), (6, 5, 886.99), (5, 1, 0.99), (16, 10, 793.99),
		(17, 16, 216.99), (4, 9, 947.99), (9, 2, 481.99), (17, 19, 24.99), (7, 7, 187.99),
		(9, 17, 57.99), (8, 10, 781.99), (17, 10, 511.99), (16, 7, 374.99), (16, 6, 980.99),
		(18, 17, 77.99), (20, 11, 873.99), (8, 16, 441.99), (19, 11, 246.99), (4, 11, 359.99),
		(11, 20, 887.99), (14, 17, 179.99), (19, 9, 41.99), (1, 1, 291.99), (15, 9, 108.99),
		(12, 13, 796.99), (11, 19, 59.99), (19, 7, 811.99), (7, 1, 57.99), (13, 9, 925.99),
		(11, 13, 936.99), (4, 6, 363.99), (10, 2, 434.99), (17, 20, 409.99), (1, 20, 505.99),
		(12, 14, 373.99), (7, 7, 878.99), (10, 14, 582.99), (6, 12, 619.99), (2, 8, 801.99),
		(3, 7, 985.99), (3, 10, 408.99), (8, 12, 163.99), (15, 2, 584.99), (8, 14, 996.99),
		(14, 19, 367.99), (7, 15, 362.99), (14, 6, 106.99), (1, 2, 918.99), (8, 18, 690.99),
		(15, 9, 677.99), (13, 14, 624.99), (9, 19, 497.99), (2, 5, 118.99), (5, 12, 254.99),
		(6, 2, 997.99), (12, 13, 650.99), (6, 16, 654.99), (9, 9, 43.99), (18, 2, 393.99),
		(10, 1, 699.99), (10, 1, 674.99), (19, 15, 20.99), (8, 5, 989.99), (18, 5, 504.99),
		(5, 10, 696.99), (18, 16, 996.99), (19, 16, 204.99), (1, 10, 640.99), (1, 4, 240.99),
		(12, 11, 850.99), (3, 13, 226.99), (9, 15, 587.99), (12, 8, 359.99), (20, 5, 421.99),
		(14, 8, 562.99), (4, 4, 965.99), (7, 1, 317.99), (8, 12, 232.99), (10, 9, 507.99),
		(1, 18, 534.99), (16, 16, 681.99), (3, 16, 600.99), (6, 17, 736.99), (3, 6, 363.99),
		(13, 19, 553.99), (16, 8, 110.99), (2, 18, 999.99), (6, 5, 517.99), (11, 15, 38.99),
		(20, 19, 303.99), (2, 11, 504.99), (17, 4, 423.99), (15, 11, 616.99), (20, 18, 370.99),
		(5, 5, 756.99), (20, 16, 626.99), (14, 15, 55.99), (8, 20, 9.99), (11, 11, 556.99),
		(4, 13, 58.99), (12, 6, 900.99), (9, 1, 724.99), (18, 17, 746.99), (3, 1, 854.99),
		(10, 3, 0.99), (13, 1, 995.99), (16, 12, 946.99), (9, 7, 210.99), (5, 14, 591.99),
		(10, 6, 690.99), (18, 12, 918.99), (12, 8, 590.99), (10, 16, 209.99), (1, 2, 949.99),
		(18, 11, 670.99), (5, 19, 838.99), (1, 19, 461.99), (12, 9, 25.99), (3, 4, 966.99),
		(14, 4, 347.99), (3, 8, 520.99), (2, 6, 465.99), (19, 19, 717.99), (9, 4, 247.99),
		(16, 15, 484.99), (20, 11, 766.99), (11, 1, 777.99), (16, 10, 384.99), (5, 7, 173.99),
		(18, 9, 249.99), (13, 16, 612.99), (18, 18, 731.99), (9, 17, 286.99), (5, 6, 968.99),
		(3, 12, 746.99), (5, 16, 672.99), (11, 3, 618.99), (5, 4, 138.99), (12, 8, 877.99),
		(3, 17, 957.99), (6, 1, 491.99), (10, 16, 379.99), (13, 19, 831.99), (16, 12, 707.99),
		(10, 7, 781.99), (17, 13, 887.99), (13, 1, 530.99), (11, 8, 328.99), (13, 9, 629.99),
		(10, 6, 519.99), (18, 6, 998.99), (7, 19, 220.99), (10, 14, 811.99), (8, 12, 850.99),
		(17, 16, 548.99), (19, 15, 815.99), (8, 16, 746.99), (20, 10, 812.99), (9, 16, 693.99),
		(4, 17, 364.99), (16, 4, 630.99), (7, 18, 274.99), (15, 4, 421.99), (12, 7, 978.99)

	INSERT INTO Supermarket_Sales (SupermarketId, ProductId, CountOfSales, Date)
		VALUES 
		(10, 7, 12, '6/23/2015'), (7, 7, 13, '6/23/2015'), (1, 10, 12, '6/23/2015'), (18, 6, 8, '6/23/2015'), (15, 13, 6, '6/23/2015'),
		(1, 13, 10, '6/24/2015'), (7, 11, 19, '6/24/2015'), (2, 3, 1, '6/24/2015'), (12, 1, 4, '6/24/2015'), (14, 20, 15, '6/24/2015'),
		(12, 20, 4, '6/25/2015'), (6, 18, 1, '6/25/2015'), (18, 6, 16, '6/25/2015'), (20, 3, 11, '6/25/2015'), (20, 2, 8, '6/25/2015'),
		(18, 4, 8, '6/26/2015'), (8, 2, 4, '6/26/2015'), (15, 6, 15, '6/26/2015'), (11, 8, 5, '6/26/2015'), (11, 15, 7, '6/26/2015'),
		(10, 8, 10, '6/27/2015'), (18, 6, 7, '6/27/2015'), (4, 9, 16, '6/27/2015'), (5, 3, 8, '6/27/2015'), (14, 8, 8, '6/27/2015'),
		(8, 3, 1, '6/28/2015'), (13, 14, 17, '6/28/2015'), (16, 6, 18, '6/28/2015'), (11, 18, 14, '6/28/2015'), (9, 15, 10, '6/28/2015'),
		(17, 8, 11, '6/29/2015'), (9, 11, 16, '6/29/2015'), (2, 2, 16, '6/29/2015'), (2, 14, 15, '6/29/2015'), (13, 3, 20, '6/29/2015'),
		(17, 1, 19, '6/30/2015'), (8, 3, 5, '6/30/2015'), (4, 18, 1, '6/30/2015'), (10, 14, 2, '6/30/2015'), (13, 8, 9, '6/30/2015'),
		(13, 16, 14, '7/1/2015'), (6, 9, 15, '7/1/2015'), (18, 5, 17, '7/1/2015'), (12, 7, 1, '7/1/2015'), (6, 12, 1, '7/1/2015'),
		(2, 4, 4, '7/2/2015'), (18, 15, 17, '7/2/2015'), (16, 2, 13, '7/2/2015'), (6, 14, 11, '7/2/2015'), (10, 20, 17, '7/2/2015'),
		(15, 9, 15, '7/3/2015'), (8, 9, 19, '7/3/2015'), (2, 7, 15, '7/3/2015'), (5, 19, 17, '7/3/2015'), (2, 16, 16, '7/3/2015'),
		(4, 19, 6, '7/4/2015'), (1, 8, 11, '7/4/2015'), (19, 15, 14, '7/4/2015'), (12, 18, 14, '7/4/2015'), (2, 1, 15, '7/4/2015'),
		(5, 8, 6, '7/5/2015'), (20, 18, 19, '7/5/2015'), (7, 18, 4, '7/5/2015'), (2, 1, 17, '7/5/2015'), (9, 14, 16, '7/5/2015'),
		(1, 14, 6, '7/6/2015'), (17, 2, 16, '7/6/2015'), (5, 10, 12, '7/6/2015'), (7, 17, 15, '7/6/2015'), (1, 17, 11, '7/6/2015'),
		(5, 1, 6, '7/7/2015'), (20, 1, 12, '7/7/2015'), (12, 3, 18, '7/7/2015'), (18, 18, 1, '7/7/2015'), (3, 20, 8, '7/7/2015'),
		(14, 10, 2, '7/8/2015'), (19, 11, 5, '7/8/2015'), (8, 6, 20, '7/8/2015'), (20, 20, 19, '7/8/2015'), (15, 14, 2, '7/8/2015'),
		(4, 6, 1, '7/9/2015'), (13, 17, 1, '7/9/2015'), (12, 10, 13, '7/9/2015'), (5, 10, 12, '7/9/2015'), (9, 19, 4, '7/9/2015'),
		(15, 3, 10, '7/10/2015'), (4, 13, 7, '7/10/2015'), (13, 3, 6, '7/10/2015'), (6, 17, 16, '7/10/2015'), (6, 20, 1, '7/10/2015'),
		(13, 17, 9, '7/11/2015'), (17, 14, 13, '7/11/2015'), (1, 10, 3, '7/11/2015'), (8, 3, 1, '7/11/2015'), (9, 15, 2, '7/11/2015'),
		(14, 20, 7, '7/12/2015'), (17, 6, 17, '7/12/2015'), (9, 11, 2, '7/12/2015'), (15, 12, 3, '7/12/2015'), (16, 8, 1, '7/12/2015'),
		(6, 6, 10, '7/13/2015'), (12, 12, 13, '7/13/2015'), (3, 12, 5, '7/13/2015'), (12, 14, 14, '7/13/2015'), (8, 16, 10, '7/13/2015'),
		(7, 4, 9, '7/14/2015'), (4, 13, 17, '7/14/2015'), (9, 10, 15, '7/14/2015'), (5, 4, 7, '7/14/2015'), (8, 2, 3, '7/14/2015'),
		(10, 5, 3, '7/15/2015'), (3, 3, 18, '7/15/2015'), (11, 18, 3, '7/15/2015'), (10, 12, 8, '7/15/2015'), (3, 5, 12, '7/15/2015'),
		(3, 2, 15, '7/16/2015'), (12, 9, 8, '7/16/2015'), (14, 12, 16, '7/16/2015'), (4, 17, 16, '7/16/2015'), (16, 8, 9, '7/16/2015'),
		(6, 16, 11, '7/17/2015'), (2, 2, 9, '7/17/2015'), (12, 6, 14, '7/17/2015'), (13, 17, 7, '7/17/2015'), (7, 15, 2, '7/17/2015'),
		(9, 6, 5, '7/18/2015'), (3, 2, 3, '7/18/2015'), (12, 16, 13, '7/18/2015'), (16, 16, 14, '7/18/2015'), (8, 19, 6, '7/18/2015'),
		(2, 15, 10, '7/19/2015'), (15, 4, 16, '7/19/2015'), (18, 1, 4, '7/19/2015'), (3, 12, 17, '7/19/2015'), (2, 20, 13, '7/19/2015'),
		(1, 8, 17, '7/20/2015'), (14, 15, 11, '7/20/2015'), (11, 14, 6, '7/20/2015'), (6, 14, 1, '7/20/2015'), (18, 6, 7, '7/20/2015'),
		(16, 5, 7, '7/21/2015'), (8, 11, 2, '7/21/2015'), (17, 13, 12, '7/21/2015'), (6, 12, 6, '7/21/2015'), (2, 20, 11, '7/21/2015'),
		(7, 11, 17, '7/22/2015'), (1, 15, 9, '7/22/2015'), (17, 14, 5, '7/22/2015'), (16, 12, 2, '7/22/2015'), (5, 9, 10, '7/22/2015'),
		(16, 20, 15, '7/23/2015'), (18, 8, 7, '7/23/2015'), (10, 14, 9, '7/23/2015'), (11, 4, 16, '7/23/2015'), (6, 9, 3, '7/23/2015'),
		(6, 10, 14, '7/24/2015'), (16, 20, 4, '7/24/2015'), (4, 17, 12, '7/24/2015'), (18, 19, 12, '7/24/2015'), (2, 13, 20, '7/24/2015'),
		(1, 13, 4, '7/25/2015'), (2, 11, 12, '7/25/2015'), (11, 5, 13, '7/25/2015'), (4, 17, 18, '7/25/2015'), (8, 11, 12, '7/25/2015'),
		(13, 11, 5, '7/26/2015'), (2, 10, 3, '7/26/2015'), (9, 9, 9, '7/26/2015'), (7, 12, 4, '7/26/2015'), (4, 20, 9, '7/26/2015'),
		(16, 9, 1, '7/27/2015'), (10, 11, 12, '7/27/2015'), (12, 5, 19, '7/27/2015'), (12, 16, 5, '7/27/2015'), (1, 13, 4, '7/27/2015'),
		(6, 17, 7, '7/28/2015'), (20, 5, 8, '7/28/2015'), (7, 20, 4, '7/28/2015'), (18, 13, 5, '7/28/2015'), (15, 16, 19, '7/28/2015'),
		(9, 7, 6, '7/29/2015'), (4, 9, 8, '7/29/2015'), (17, 18, 1, '7/29/2015'), (20, 2, 7, '7/29/2015'), (7, 11, 14, '7/29/2015'),
		(18, 8, 17, '7/30/2015'), (6, 1, 15, '7/30/2015'), (17, 5, 15, '7/30/2015'), (1, 9, 9, '7/30/2015'), (18, 13, 19, '7/30/2015'),
		(8, 18, 9, '7/31/2015'), (20, 3, 10, '7/31/2015'), (20, 17, 5, '7/31/2015'), (16, 10, 19, '7/31/2015'), (7, 20, 4, '7/31/2015'),
		(1, 1, 10, '8/1/2015'), (10, 20, 5, '8/1/2015'), (8, 10, 15, '8/1/2015'), (5, 12, 3, '8/1/2015'), (11, 3, 20, '8/1/2015'),
		(19, 19, 6, '8/2/2015'), (2, 13, 4, '8/2/2015'), (18, 7, 8, '8/2/2015'), (5, 18, 11, '8/2/2015'), (13, 10, 12, '8/2/2015'),
		(16, 11, 5, '8/3/2015'), (11, 20, 8, '8/3/2015'), (20, 9, 13, '8/3/2015'), (14, 20, 9, '8/3/2015'), (15, 16, 11, '8/3/2015'),
		(8, 10, 14, '8/4/2015'), (5, 17, 11, '8/4/2015'), (14, 5, 8, '8/4/2015'), (1, 4, 14, '8/4/2015'), (2, 6, 2, '8/4/2015'),
		(15, 16, 20, '8/5/2015'), (4, 9, 2, '8/5/2015'), (18, 20, 4, '8/5/2015'), (12, 20, 11, '8/5/2015'), (13, 9, 14, '8/5/2015'),
		(16, 4, 12, '8/6/2015'), (17, 17, 9, '8/6/2015'), (17, 9, 13, '8/6/2015'), (1, 3, 6, '8/6/2015'), (18, 11, 17, '8/6/2015'),
		(15, 19, 3, '8/7/2015'), (11, 20, 4, '8/7/2015'), (9, 11, 8, '8/7/2015'), (10, 10, 10, '8/7/2015'), (11, 13, 18, '8/7/2015'),
		(20, 1, 17, '8/8/2015'), (14, 5, 20, '8/8/2015'), (3, 5, 10, '8/8/2015'), (13, 18, 8, '8/8/2015'), (7, 3, 6, '8/8/2015'),
		(16, 1, 9, '8/9/2015'), (7, 18, 1, '8/9/2015'), (9, 3, 9, '8/9/2015'), (10, 7, 13, '8/9/2015'), (5, 8, 8, '8/9/2015'),
		(20, 6, 16, '8/10/2015'), (15, 1, 3, '8/10/2015'), (10, 4, 6, '8/10/2015'), (18, 12, 15, '8/10/2015'), (14, 18, 2, '8/10/2015'),
		(17, 2, 8, '8/11/2015'), (2, 15, 9, '8/11/2015'), (1, 5, 15, '8/11/2015'), (17, 12, 19, '8/11/2015'), (8, 4, 19, '8/11/2015'),
		(7, 19, 17, '8/12/2015'), (2, 14, 12, '8/12/2015'), (12, 12, 3, '8/12/2015'), (4, 7, 18, '8/12/2015'), (3, 9, 6, '8/12/2015'),
		(7, 15, 5, '8/13/2015'), (7, 14, 5, '8/13/2015'), (6, 3, 14, '8/13/2015'), (19, 20, 2, '8/13/2015'), (1, 19, 9, '8/13/2015'),
		(4, 2, 20, '8/14/2015'), (8, 11, 14, '8/14/2015'), (18, 12, 5, '8/14/2015'), (11, 5, 10, '8/14/2015'), (6, 19, 8, '8/14/2015'),
		(11, 18, 16, '8/15/2015'), (9, 11, 17, '8/15/2015'), (15, 1, 11, '8/15/2015'), (14, 2, 17, '8/15/2015'), (4, 4, 15, '8/15/2015'),
		(11, 12, 14, '8/16/2015'), (14, 20, 5, '8/16/2015'), (19, 16, 19, '8/16/2015'), (13, 10, 4, '8/16/2015'), (20, 17, 9, '8/16/2015'),
		(16, 20, 4, '8/17/2015'), (6, 8, 2, '8/17/2015'), (6, 12, 8, '8/17/2015'), (12, 10, 1, '8/17/2015'), (9, 15, 10, '8/17/2015'),
		(18, 14, 9, '8/18/2015'), (10, 20, 14, '8/18/2015'), (16, 12, 19, '8/18/2015'), (4, 13, 3, '8/18/2015'), (18, 17, 2, '8/18/2015'),
		(14, 15, 5, '8/19/2015'), (3, 19, 2, '8/19/2015'), (13, 19, 16, '8/19/2015'), (13, 6, 20, '8/19/2015'), (7, 2, 11, '8/19/2015'),
		(5, 10, 1, '8/20/2015'), (9, 16, 16, '8/20/2015'), (15, 10, 18, '8/20/2015'), (15, 20, 8, '8/20/2015'), (6, 2, 15, '8/20/2015'),
		(20, 8, 16, '8/21/2015'), (6, 19, 15, '8/21/2015'), (17, 6, 17, '8/21/2015'), (8, 5, 15, '8/21/2015'), (13, 18, 15, '8/21/2015'),
		(15, 10, 11, '8/22/2015'), (9, 20, 4, '8/22/2015'), (2, 9, 1, '8/22/2015'), (6, 19, 5, '8/22/2015'), (7, 8, 20, '8/22/2015'),
		(14, 8, 18, '8/23/2015'), (1, 14, 18, '8/23/2015'), (4, 1, 4, '8/23/2015'), (16, 8, 4, '8/23/2015'), (5, 2, 11, '8/23/2015'),
		(2, 3, 13, '8/24/2015'), (3, 1, 10, '8/24/2015'), (18, 18, 3, '8/24/2015'), (12, 18, 20, '8/24/2015'), (16, 1, 20, '8/24/2015'),
		(11, 10, 18, '8/25/2015'), (18, 14, 18, '8/25/2015'), (18, 13, 4, '8/25/2015'), (18, 12, 9, '8/25/2015'), (7, 13, 12, '8/25/2015'),
		(20, 17, 8, '8/26/2015'), (10, 5, 17, '8/26/2015'), (12, 4, 8, '8/26/2015'), (10, 17, 11, '8/26/2015'), (15, 10, 17, '8/26/2015'),
		(18, 9, 1, '8/27/2015'), (5, 6, 18, '8/27/2015'), (6, 8, 8, '8/27/2015'), (14, 4, 10, '8/27/2015'), (10, 6, 10, '8/27/2015'),
		(2, 11, 5, '8/28/2015'), (11, 12, 1, '8/28/2015'), (12, 6, 16, '8/28/2015'), (3, 19, 6, '8/28/2015'), (11, 8, 18, '8/28/2015'),
		(8, 3, 4, '8/29/2015'), (7, 20, 3, '8/29/2015'), (9, 3, 8, '8/29/2015'), (15, 14, 10, '8/29/2015'), (1, 17, 1, '8/29/2015'),
		(7, 3, 19, '8/30/2015'), (19, 8, 6, '8/30/2015'), (6, 5, 18, '8/30/2015'), (16, 7, 4, '8/30/2015'), (5, 2, 7, '8/30/2015'),
		(12, 16, 20, '8/31/2015'), (10, 7, 2, '8/31/2015'), (7, 3, 6, '8/31/2015'), (7, 13, 9, '8/31/2015'), (18, 17, 19, '8/31/2015'),
		(12, 11, 9, '9/1/2015'), (15, 16, 17, '9/1/2015'), (8, 12, 1, '9/1/2015'), (12, 2, 19, '9/1/2015'), (6, 12, 13, '9/1/2015'),
		(20, 4, 2, '9/2/2015'), (1, 3, 19, '9/2/2015'), (10, 11, 10, '9/2/2015'), (20, 1, 20, '9/2/2015'), (13, 13, 15, '9/2/2015'),
		(18, 9, 8, '9/3/2015'), (20, 4, 16, '9/3/2015'), (15, 10, 6, '9/3/2015'), (11, 5, 5, '9/3/2015'), (20, 19, 6, '9/3/2015'),
		(4, 1, 12, '9/4/2015'), (14, 7, 10, '9/4/2015'), (7, 17, 15, '9/4/2015'), (20, 3, 20, '9/4/2015'), (20, 16, 16, '9/4/2015'),
		(17, 15, 19, '9/5/2015'), (6, 15, 13, '9/5/2015'), (11, 7, 8, '9/5/2015'), (17, 6, 14, '9/5/2015'), (16, 11, 18, '9/5/2015'),
		(14, 10, 13, '9/6/2015'), (5, 17, 20, '9/6/2015'), (9, 20, 6, '9/6/2015'), (6, 11, 12, '9/6/2015'), (14, 20, 2, '9/6/2015'),
		(17, 16, 15, '9/7/2015'), (11, 14, 10, '9/7/2015'), (6, 15, 4, '9/7/2015'), (13, 13, 15, '9/7/2015'), (5, 17, 2, '9/7/2015'),
		(16, 12, 7, '9/8/2015'), (17, 7, 13, '9/8/2015'), (8, 15, 20, '9/8/2015'), (16, 9, 16, '9/8/2015'), (13, 20, 4, '9/8/2015'),
		(2, 17, 8, '9/9/2015'), (6, 1, 11, '9/9/2015'), (20, 6, 17, '9/9/2015'), (8, 8, 16, '9/9/2015'), (10, 13, 4, '9/9/2015'),
		(6, 4, 4, '9/10/2015'), (5, 10, 20, '9/10/2015'), (6, 17, 13, '9/10/2015'), (9, 9, 1, '9/10/2015'), (15, 15, 5, '9/10/2015'),
		(15, 13, 15, '9/11/2015'), (20, 11, 17, '9/11/2015'), (7, 19, 16, '9/11/2015'), (12, 17, 6, '9/11/2015'), (10, 10, 19, '9/11/2015'),
		(18, 19, 3, '9/12/2015'), (17, 11, 5, '9/12/2015'), (13, 9, 11, '9/12/2015'), (5, 17, 20, '9/12/2015'), (15, 17, 12, '9/12/2015'),
		(10, 6, 12, '9/13/2015'), (13, 14, 16, '9/13/2015'), (1, 10, 2, '9/13/2015'), (8, 19, 6, '9/13/2015'), (8, 14, 14, '9/13/2015'),
		(14, 16, 8, '9/14/2015'), (15, 12, 11, '9/14/2015'), (19, 19, 4, '9/14/2015'), (20, 3, 5, '9/14/2015'), (5, 16, 15, '9/14/2015'),
		(17, 13, 2, '9/15/2015'), (4, 2, 11, '9/15/2015'), (15, 17, 16, '9/15/2015'), (4, 17, 10, '9/15/2015'), (2, 10, 12, '9/15/2015'),
		(20, 5, 16, '9/16/2015'), (17, 11, 1, '9/16/2015'), (13, 20, 6, '9/16/2015'), (2, 12, 7, '9/16/2015'), (8, 13, 12, '9/16/2015'),
		(11, 17, 14, '9/17/2015'), (7, 12, 6, '9/17/2015'), (4, 5, 12, '9/17/2015'), (3, 20, 19, '9/17/2015'), (12, 11, 16, '9/17/2015'),
		(2, 17, 9, '9/18/2015'), (13, 20, 18, '9/18/2015'), (9, 8, 6, '9/18/2015'), (15, 4, 13, '9/18/2015'), (17, 3, 11, '9/18/2015'),
		(5, 8, 5, '9/19/2015'), (5, 13, 20, '9/19/2015'), (16, 15, 19, '9/19/2015'), (6, 17, 1, '9/19/2015'), (5, 14, 11, '9/19/2015')
COMMIT