BEGIN TRAN
	INSERT INTO Measures (Name)
		VALUES 
		(N'mililiters'),
		(N'grams'),
		(N'litres'),
		(N'kilograms'),
		(N'pieces')

	SET IDENTITY_INSERT Vendors ON
	INSERT INTO Vendors (Id, Name)
		VALUES 
		(1, N'Nestle Sofia Corp.'),
		(2, N'Zagorka Corp.'),
		(3, N'Targovishte Company Ltd.'),
		(4, N'Kamenica'),
		(5, N'Rois'),
		(6, N'Ruffles'),
		(7, N'Bulgartabak'),
		(8, N'Dobrudja'),
		(9, N'Karnobat'),
		(10, N'King Kiro'),
		(11, N'Coca Cola'),
		(12, N'RedBull'),
		(13, N'Madjarov'),
		(14, N'Kolbasarnica Pernik'),
		(15, N'Kestenite'),
		(16, N'Microsoft'),
		(17, N'IKEA'),
		(18, N'Orbit'),
		(19, N'Milka'),
		(20, N'Pobeda')

	INSERT INTO Products (Name, VendorId, MeasureId, Price)
		VALUES 
		(N'Chocolade bar', 1, 2, 12.40),
		(N'Glass Bottle', 2, 1, 1.40),
		(N'Rakia', 3, 1, 13.00),
		(N'Glass Bottle', 4, 1, 1.00),
		(N'Bred', 8, 3, 1.10),
		(N'Fanta', 11, 3, 1.40),
		(N'Nuts', 5, 2, 0.70),
		(N'Жам Фъстък', 5, 2, 4.49),
		(N'WithOreo', 19, 2, 2.40),
		(N'Miraj', 20, 2, 2.40),
		(N'Windows 10', 16, 4, 105.99),
		(N'Печка MArjino', 17, 4, 223.99),
		(N'Суджук', 14, 2, 12.99),
		(N'Брашно', 8, 3, 2.10),
		(N'Маьонеза', 11, 3, 1.20),
		(N'Nuts', 5, 2, 1.70),
		(N'Ruffles ketchup', 5, 2, 4.49),
		(N'Зайо Байо', 19, 2, 2.40),
		(N'Победа', 20, 2, 2.40),
		(N'Video Card Ati Radeon HD 1200', 16, 4, 105.99)

	INSERT INTO Supermarkets (Location)
	VALUES 
	(N'Blagoevgrad Бърза река 65' ),
	(N'Razlog Опака река 65'),
	(N'Пловдив Барата'),
	(N'Кюстендил Крива река 55'),
	(N'Кюстендил Кирливата река 56'),
	(N'София Сухата река 123'),
	(N'Варна Мократа река 98'),
	(N'Етрополе Студената река 21'),
	(N'Земен Топлата река 124'),
	(N'Златарица Водната река 102'),
	(N'Ихтиман Тъпата река 3'),
	(N'Каварна Грозната река 3'),
	(N'Калофер Смръдливата река 75'),
	(N'Русе Няма река 7'),
	(N'Неделино Силна река 4'),
	(N'Перник Слаба река 45'),
	(N'Плевен Петниста река 65'),
	(N'Свищов Права река 65'),
	(N'Славяново Пуста река 546'),
	(N'Сливен Малка река 123')



INSERT INTO Supermarket_Sales (SupermarketId, ProductId, CountOfSales, Date)
	VALUES 
	(10, 7, 12, '6/23/2015'), (7, 7, 13, '6/23/2015'), (1, 10, 12, '6/23/2015'), (18, 6, 8, '6/23/2015'), (15, 13, 6, '6/23/2015'),
	(1, 13, 10, '6/24/2015'), (7, 11, 19, '6/24/2015'), (2, 3, 1, '6/24/2015'), (12, 1, 4, '6/24/2015'), (14, 20, 15, '6/24/2015'),
	(12, 20, 4, '6/25/2015'), (6, 18, 1, '6/25/2015'), (18, 6, 16, '6/25/2015'), (20, 3, 11, '6/25/2015'), (20, 2, 8, '6/25/2015'),
	(18, 4, 8, '6/26/2015'), (8, 2, 4, '6/26/2015'), (15, 6, 15, '6/26/2015'), (11, 8, 5, '6/26/2015'), (11, 15, 7, '6/26/2015'),
	(10, 8, 10, '6/27/2015'), (18, 6, 7, '6/27/2015'), (4, 9, 16, '6/27/2015'), (5, 3, 8, '6/27/2015'), (14, 8, 8, '6/27/2015'),
	(8, 3, 1, '6/28/2015'), (13, 14, 17, '6/28/2015'), (16, 6, 18, '6/28/2015'), (11, 18, 14, '6/28/2015'), (9, 15, 10, '6/28/2015'),
	(17, 8, 11, '6/29/2015'), (9, 11, 16, '6/29/2015'), (2, 2, 16, '6/29/2015'), (2, 14, 15, '6/29/2015'), (13, 3, 20, '6/29/2015'),
	(17, 1, 19, '6/30/2015'), (8, 3, 5, '6/30/2015'), (4, 18, 1, '6/30/2015'), (10, 14, 2, '6/30/2015'), (13, 8, 9, '6/30/2015'),
	(13, 16, 14, '7/1/2015'), (6, 9, 15, '7/1/2015'), (18, 5, 17, '7/1/2015'), (12, 7, 1, '7/1/2015'), (6, 12, 1, '7/1/2015'),
	(2, 4, 4, '7/2/2015'), (18, 15, 17, '7/2/2015'), (16, 2, 13, '7/2/2015'), (6, 14, 11, '7/2/2015'), (10, 20, 17, '7/2/2015'),
	(15, 9, 15, '7/3/2015'), (8, 9, 19, '7/3/2015'), (2, 7, 15, '7/3/2015'), (5, 19, 17, '7/3/2015'), (2, 16, 16, '7/3/2015'),
	(4, 19, 6, '7/4/2015'), (1, 8, 11, '7/4/2015'), (19, 15, 14, '7/4/2015'), (12, 18, 14, '7/4/2015'), (2, 1, 15, '7/4/2015'),
	(5, 8, 6, '7/5/2015'), (20, 18, 19, '7/5/2015'), (7, 18, 4, '7/5/2015'), (2, 1, 17, '7/5/2015'), (9, 14, 16, '7/5/2015'),
	(1, 14, 6, '7/6/2015'), (17, 2, 16, '7/6/2015'), (5, 10, 12, '7/6/2015'), (7, 17, 15, '7/6/2015'), (1, 17, 11, '7/6/2015'),
	(5, 1, 6, '7/7/2015'), (20, 1, 12, '7/7/2015'), (12, 3, 18, '7/7/2015'), (18, 18, 1, '7/7/2015'), (3, 20, 8, '7/7/2015'),
	(14, 10, 2, '7/8/2015'), (19, 11, 5, '7/8/2015'), (8, 6, 20, '7/8/2015'), (20, 20, 19, '7/8/2015'), (15, 14, 2, '7/8/2015'),
	(4, 6, 1, '7/9/2015'), (13, 17, 1, '7/9/2015'), (12, 10, 13, '7/9/2015'), (5, 10, 12, '7/9/2015'), (9, 19, 4, '7/9/2015'),
	(15, 3, 10, '7/10/2015'), (4, 13, 7, '7/10/2015'), (13, 3, 6, '7/10/2015'), (6, 17, 16, '7/10/2015'), (6, 20, 1, '7/10/2015'),
	(13, 17, 9, '7/11/2015'), (17, 14, 13, '7/11/2015'), (1, 10, 3, '7/11/2015'), (8, 3, 1, '7/11/2015'), (9, 15, 2, '7/11/2015'),
	(14, 20, 7, '7/12/2015'), (17, 6, 17, '7/12/2015'), (9, 11, 2, '7/12/2015'), (15, 12, 3, '7/12/2015'), (16, 8, 1, '7/12/2015'),
	(6, 6, 10, '7/13/2015'), (12, 12, 13, '7/13/2015'), (3, 12, 5, '7/13/2015'), (12, 14, 14, '7/13/2015'), (8, 16, 10, '7/13/2015'),
	(7, 4, 9, '7/14/2015'), (4, 13, 17, '7/14/2015'), (9, 10, 15, '7/14/2015'), (5, 4, 7, '7/14/2015'), (8, 2, 3, '7/14/2015'),
	(10, 5, 3, '7/15/2015'), (3, 3, 18, '7/15/2015'), (11, 18, 3, '7/15/2015'), (10, 12, 8, '7/15/2015'), (3, 5, 12, '7/15/2015'),
	(3, 2, 15, '7/16/2015'), (12, 9, 8, '7/16/2015'), (14, 12, 16, '7/16/2015'), (4, 17, 16, '7/16/2015'), (16, 8, 9, '7/16/2015'),
	(6, 16, 11, '7/17/2015'), (2, 2, 9, '7/17/2015'), (12, 6, 14, '7/17/2015'), (13, 17, 7, '7/17/2015'), (7, 15, 2, '7/17/2015'),
	(9, 6, 5, '7/18/2015'), (3, 2, 3, '7/18/2015'), (12, 16, 13, '7/18/2015'), (16, 16, 14, '7/18/2015'), (8, 19, 6, '7/18/2015'),
	(2, 15, 10, '7/19/2015'), (15, 4, 16, '7/19/2015'), (18, 1, 4, '7/19/2015'), (3, 12, 17, '7/19/2015'), (2, 20, 13, '7/19/2015'),
	(1, 8, 17, '7/20/2015'), (14, 15, 11, '7/20/2015'), (11, 14, 6, '7/20/2015'), (6, 14, 1, '7/20/2015'), (18, 6, 7, '7/20/2015'),
	(16, 5, 7, '7/21/2015'), (8, 11, 2, '7/21/2015'), (17, 13, 12, '7/21/2015'), (6, 12, 6, '7/21/2015'), (2, 20, 11, '7/21/2015'),
	(7, 11, 17, '7/22/2015'), (1, 15, 9, '7/22/2015'), (17, 14, 5, '7/22/2015'), (16, 12, 2, '7/22/2015'), (5, 9, 10, '7/22/2015'),
	(16, 20, 15, '7/23/2015'), (18, 8, 7, '7/23/2015'), (10, 14, 9, '7/23/2015'), (11, 4, 16, '7/23/2015'), (6, 9, 3, '7/23/2015'),
	(6, 10, 14, '7/24/2015'), (16, 20, 4, '7/24/2015'), (4, 17, 12, '7/24/2015'), (18, 19, 12, '7/24/2015'), (2, 13, 20, '7/24/2015'),
	(1, 13, 4, '7/25/2015'), (2, 11, 12, '7/25/2015'), (11, 5, 13, '7/25/2015'), (4, 17, 18, '7/25/2015'), (8, 11, 12, '7/25/2015'),
	(13, 11, 5, '7/26/2015'), (2, 10, 3, '7/26/2015'), (9, 9, 9, '7/26/2015'), (7, 12, 4, '7/26/2015'), (4, 20, 9, '7/26/2015'),
	(16, 9, 1, '7/27/2015'), (10, 11, 12, '7/27/2015'), (12, 5, 19, '7/27/2015'), (12, 16, 5, '7/27/2015'), (1, 13, 4, '7/27/2015'),
	(6, 17, 7, '7/28/2015'), (20, 5, 8, '7/28/2015'), (7, 20, 4, '7/28/2015'), (18, 13, 5, '7/28/2015'), (15, 16, 19, '7/28/2015'),
	(9, 7, 6, '7/29/2015'), (4, 9, 8, '7/29/2015'), (17, 18, 1, '7/29/2015'), (20, 2, 7, '7/29/2015'), (7, 11, 14, '7/29/2015'),
	(18, 8, 17, '7/30/2015'), (6, 1, 15, '7/30/2015'), (17, 5, 15, '7/30/2015'), (1, 9, 9, '7/30/2015'), (18, 13, 19, '7/30/2015'),
	(8, 18, 9, '7/31/2015'), (20, 3, 10, '7/31/2015'), (20, 17, 5, '7/31/2015'), (16, 10, 19, '7/31/2015'), (7, 20, 4, '7/31/2015'),
	(1, 1, 10, '8/1/2015'), (10, 20, 5, '8/1/2015'), (8, 10, 15, '8/1/2015'), (5, 12, 3, '8/1/2015'), (11, 3, 20, '8/1/2015'),
	(19, 19, 6, '8/2/2015'), (2, 13, 4, '8/2/2015'), (18, 7, 8, '8/2/2015'), (5, 18, 11, '8/2/2015'), (13, 10, 12, '8/2/2015'),
	(16, 11, 5, '8/3/2015'), (11, 20, 8, '8/3/2015'), (20, 9, 13, '8/3/2015'), (14, 20, 9, '8/3/2015'), (15, 16, 11, '8/3/2015'),
	(8, 10, 14, '8/4/2015'), (5, 17, 11, '8/4/2015'), (14, 5, 8, '8/4/2015'), (1, 4, 14, '8/4/2015'), (2, 6, 2, '8/4/2015'),
	(15, 16, 20, '8/5/2015'), (4, 9, 2, '8/5/2015'), (18, 20, 4, '8/5/2015'), (12, 20, 11, '8/5/2015'), (13, 9, 14, '8/5/2015'),
	(16, 4, 12, '8/6/2015'), (17, 17, 9, '8/6/2015'), (17, 9, 13, '8/6/2015'), (1, 3, 6, '8/6/2015'), (18, 11, 17, '8/6/2015'),
	(15, 19, 3, '8/7/2015'), (11, 20, 4, '8/7/2015'), (9, 11, 8, '8/7/2015'), (10, 10, 10, '8/7/2015'), (11, 13, 18, '8/7/2015'),
	(20, 1, 17, '8/8/2015'), (14, 5, 20, '8/8/2015'), (3, 5, 10, '8/8/2015'), (13, 18, 8, '8/8/2015'), (7, 3, 6, '8/8/2015'),
	(16, 1, 9, '8/9/2015'), (7, 18, 1, '8/9/2015'), (9, 3, 9, '8/9/2015'), (10, 7, 13, '8/9/2015'), (5, 8, 8, '8/9/2015'),
	(20, 6, 16, '8/10/2015'), (15, 1, 3, '8/10/2015'), (10, 4, 6, '8/10/2015'), (18, 12, 15, '8/10/2015'), (14, 18, 2, '8/10/2015'),
	(17, 2, 8, '8/11/2015'), (2, 15, 9, '8/11/2015'), (1, 5, 15, '8/11/2015'), (17, 12, 19, '8/11/2015'), (8, 4, 19, '8/11/2015'),
	(7, 19, 17, '8/12/2015'), (2, 14, 12, '8/12/2015'), (12, 12, 3, '8/12/2015'), (4, 7, 18, '8/12/2015'), (3, 9, 6, '8/12/2015'),
	(7, 15, 5, '8/13/2015'), (7, 14, 5, '8/13/2015'), (6, 3, 14, '8/13/2015'), (19, 20, 2, '8/13/2015'), (1, 19, 9, '8/13/2015'),
	(4, 2, 20, '8/14/2015'), (8, 11, 14, '8/14/2015'), (18, 12, 5, '8/14/2015'), (11, 5, 10, '8/14/2015'), (6, 19, 8, '8/14/2015'),
	(11, 18, 16, '8/15/2015'), (9, 11, 17, '8/15/2015'), (15, 1, 11, '8/15/2015'), (14, 2, 17, '8/15/2015'), (4, 4, 15, '8/15/2015'),
	(11, 12, 14, '8/16/2015'), (14, 20, 5, '8/16/2015'), (19, 16, 19, '8/16/2015'), (13, 10, 4, '8/16/2015'), (20, 17, 9, '8/16/2015'),
	(16, 20, 4, '8/17/2015'), (6, 8, 2, '8/17/2015'), (6, 12, 8, '8/17/2015'), (12, 10, 1, '8/17/2015'), (9, 15, 10, '8/17/2015'),
	(18, 14, 9, '8/18/2015'), (10, 20, 14, '8/18/2015'), (16, 12, 19, '8/18/2015'), (4, 13, 3, '8/18/2015'), (18, 17, 2, '8/18/2015'),
	(14, 15, 5, '8/19/2015'), (3, 19, 2, '8/19/2015'), (13, 19, 16, '8/19/2015'), (13, 6, 20, '8/19/2015'), (7, 2, 11, '8/19/2015'),
	(5, 10, 1, '8/20/2015'), (9, 16, 16, '8/20/2015'), (15, 10, 18, '8/20/2015'), (15, 20, 8, '8/20/2015'), (6, 2, 15, '8/20/2015'),
	(20, 8, 16, '8/21/2015'), (6, 19, 15, '8/21/2015'), (17, 6, 17, '8/21/2015'), (8, 5, 15, '8/21/2015'), (13, 18, 15, '8/21/2015'),
	(15, 10, 11, '8/22/2015'), (9, 20, 4, '8/22/2015'), (2, 9, 1, '8/22/2015'), (6, 19, 5, '8/22/2015'), (7, 8, 20, '8/22/2015'),
	(14, 8, 18, '8/23/2015'), (1, 14, 18, '8/23/2015'), (4, 1, 4, '8/23/2015'), (16, 8, 4, '8/23/2015'), (5, 2, 11, '8/23/2015'),
	(2, 3, 13, '8/24/2015'), (3, 1, 10, '8/24/2015'), (18, 18, 3, '8/24/2015'), (12, 18, 20, '8/24/2015'), (16, 1, 20, '8/24/2015'),
	(11, 10, 18, '8/25/2015'), (18, 14, 18, '8/25/2015'), (18, 13, 4, '8/25/2015'), (18, 12, 9, '8/25/2015'), (7, 13, 12, '8/25/2015'),
	(20, 17, 8, '8/26/2015'), (10, 5, 17, '8/26/2015'), (12, 4, 8, '8/26/2015'), (10, 17, 11, '8/26/2015'), (15, 10, 17, '8/26/2015'),
	(18, 9, 1, '8/27/2015'), (5, 6, 18, '8/27/2015'), (6, 8, 8, '8/27/2015'), (14, 4, 10, '8/27/2015'), (10, 6, 10, '8/27/2015'),
	(2, 11, 5, '8/28/2015'), (11, 12, 1, '8/28/2015'), (12, 6, 16, '8/28/2015'), (3, 19, 6, '8/28/2015'), (11, 8, 18, '8/28/2015'),
	(8, 3, 4, '8/29/2015'), (7, 20, 3, '8/29/2015'), (9, 3, 8, '8/29/2015'), (15, 14, 10, '8/29/2015'), (1, 17, 1, '8/29/2015'),
	(7, 3, 19, '8/30/2015'), (19, 8, 6, '8/30/2015'), (6, 5, 18, '8/30/2015'), (16, 7, 4, '8/30/2015'), (5, 2, 7, '8/30/2015'),
	(12, 16, 20, '8/31/2015'), (10, 7, 2, '8/31/2015'), (7, 3, 6, '8/31/2015'), (7, 13, 9, '8/31/2015'), (18, 17, 19, '8/31/2015'),
	(12, 11, 9, '9/1/2015'), (15, 16, 17, '9/1/2015'), (8, 12, 1, '9/1/2015'), (12, 2, 19, '9/1/2015'), (6, 12, 13, '9/1/2015'),
	(20, 4, 2, '9/2/2015'), (1, 3, 19, '9/2/2015'), (10, 11, 10, '9/2/2015'), (20, 1, 20, '9/2/2015'), (13, 13, 15, '9/2/2015'),
	(18, 9, 8, '9/3/2015'), (20, 4, 16, '9/3/2015'), (15, 10, 6, '9/3/2015'), (11, 5, 5, '9/3/2015'), (20, 19, 6, '9/3/2015'),
	(4, 1, 12, '9/4/2015'), (14, 7, 10, '9/4/2015'), (7, 17, 15, '9/4/2015'), (20, 3, 20, '9/4/2015'), (20, 16, 16, '9/4/2015'),
	(17, 15, 19, '9/5/2015'), (6, 15, 13, '9/5/2015'), (11, 7, 8, '9/5/2015'), (17, 6, 14, '9/5/2015'), (16, 11, 18, '9/5/2015'),
	(14, 10, 13, '9/6/2015'), (5, 17, 20, '9/6/2015'), (9, 20, 6, '9/6/2015'), (6, 11, 12, '9/6/2015'), (14, 20, 2, '9/6/2015'),
	(17, 16, 15, '9/7/2015'), (11, 14, 10, '9/7/2015'), (6, 15, 4, '9/7/2015'), (13, 13, 15, '9/7/2015'), (5, 17, 2, '9/7/2015'),
	(16, 12, 7, '9/8/2015'), (17, 7, 13, '9/8/2015'), (8, 15, 20, '9/8/2015'), (16, 9, 16, '9/8/2015'), (13, 20, 4, '9/8/2015'),
	(2, 17, 8, '9/9/2015'), (6, 1, 11, '9/9/2015'), (20, 6, 17, '9/9/2015'), (8, 8, 16, '9/9/2015'), (10, 13, 4, '9/9/2015'),
	(6, 4, 4, '9/10/2015'), (5, 10, 20, '9/10/2015'), (6, 17, 13, '9/10/2015'), (9, 9, 1, '9/10/2015'), (15, 15, 5, '9/10/2015'),
	(15, 13, 15, '9/11/2015'), (20, 11, 17, '9/11/2015'), (7, 19, 16, '9/11/2015'), (12, 17, 6, '9/11/2015'), (10, 10, 19, '9/11/2015'),
	(18, 19, 3, '9/12/2015'), (17, 11, 5, '9/12/2015'), (13, 9, 11, '9/12/2015'), (5, 17, 20, '9/12/2015'), (15, 17, 12, '9/12/2015'),
	(10, 6, 12, '9/13/2015'), (13, 14, 16, '9/13/2015'), (1, 10, 2, '9/13/2015'), (8, 19, 6, '9/13/2015'), (8, 14, 14, '9/13/2015'),
	(14, 16, 8, '9/14/2015'), (15, 12, 11, '9/14/2015'), (19, 19, 4, '9/14/2015'), (20, 3, 5, '9/14/2015'), (5, 16, 15, '9/14/2015'),
	(17, 13, 2, '9/15/2015'), (4, 2, 11, '9/15/2015'), (15, 17, 16, '9/15/2015'), (4, 17, 10, '9/15/2015'), (2, 10, 12, '9/15/2015'),
	(20, 5, 16, '9/16/2015'), (17, 11, 1, '9/16/2015'), (13, 20, 6, '9/16/2015'), (2, 12, 7, '9/16/2015'), (8, 13, 12, '9/16/2015'),
	(11, 17, 14, '9/17/2015'), (7, 12, 6, '9/17/2015'), (4, 5, 12, '9/17/2015'), (3, 20, 19, '9/17/2015'), (12, 11, 16, '9/17/2015'),
	(2, 17, 9, '9/18/2015'), (13, 20, 18, '9/18/2015'), (9, 8, 6, '9/18/2015'), (15, 4, 13, '9/18/2015'), (17, 3, 11, '9/18/2015'),
	(5, 8, 5, '9/19/2015'), (5, 13, 20, '9/19/2015'), (16, 15, 19, '9/19/2015'), (6, 17, 1, '9/19/2015'), (5, 14, 11, '9/19/2015')
COMMIT